OrderNum,CustomerID,OrderDate
d19de6a1-3d9f-4d57-b100-60850fd38146,c5e1e7fb-df63-437e-8f11-a4301657bf61,2024-01-05 01:12:09.770797
3ae8e5d2-4537-4dfc-a348-27213014dfc8,3e408989-61d5-418b-aa61-1b73e8fe3766,2024-04-07 20:32:51.474098
52f94702-8922-4726-aee4-ca005b26d3cc,c30182cb-b433-4ac0-841e-f162cba2b27b,2024-05-10 07:30:38.256291
863e5ec3-295a-4559-b8de-17de0be2b501,9e320ed9-a3d8-48e4-bc0a-f45e8939fa92,2024-06-06 08:49:08.292800
000dd626-f963-492e-b664-ea0e9536c0c3,6c440862-ecea-4e3d-8a3f-0126c426272b,2024-03-07 08:06:46.805132
5922c019-c346-4b27-ae39-323dc58515c1,b836ccde-d914-4b32-8d70-81aea8ac18aa,2024-01-23 14:03:14.808057
fd9e792a-3825-4f33-a98c-c3e4f31b2e49,3ea4a546-22aa-4e04-927e-15618c9b3b26,2024-01-09 04:40:07.365310
f9568d64-eb6f-4a72-ab27-fe11e93f1289,2cd77993-0da2-441b-962d-409430db7396,2024-04-07 17:05:55.805672
eaacdd75-63f2-48bd-9c8f-06c162458577,d5b85e2f-fbdf-4dae-a913-5f1290127aa4,2024-04-08 22:42:39.080320
ab3064e3-c957-4418-b22b-bfbe7370eef2,570821ca-853c-4834-be6d-d972d4d4a7b3,2024-05-07 22:26:45.540244
3080229c-c1f9-4a89-9ece-fe54fe094702,5fbef782-114c-46c6-96ee-0ec81a5d5159,2024-04-10 09:19:33.387932
af856eff-3fe1-4a95-84f0-9a4a1fb4c7db,8cba2f13-5fcf-4584-a1c3-d32a4e71a5ef,2024-01-09 09:04:00.636357
d2142f7f-a71e-46c5-a318-9ff2c2bea66e,56f3c938-2717-4f0e-95bb-d1d907e72416,2024-05-08 00:38:31.829348
ef8bd683-49cd-4763-8168-545977178b5b,8b7e1bc6-657d-4619-927c-7436b27fcf10,2024-03-20 12:24:25.805885
814235ba-17b6-4ae4-9cbe-1bb701444f06,bb664706-26b9-4a11-8bed-e755dd89b623,2024-01-28 10:35:46.201109
87e59965-6165-49f3-be94-4b3763be42f2,0595f3df-65cb-4a9f-9f9e-84e4d4af9012,2024-03-26 03:23:42.225912
c7d9f0ac-36ed-49c1-9a30-66649660057f,a62c010c-275b-40b6-8e51-4f501fff12af,2024-03-11 13:47:08.479484
440650d6-fffb-4470-8c0a-425e8a9f9bac,bbe42075-805a-4dfe-abf0-0bfb3af5aadc,2024-01-15 09:41:15.165642
a2ece25b-f499-4ec9-9f81-b3affa8dc531,9b0b8374-09c9-42c3-8d72-ec3d9706697d,2024-06-01 18:52:55.140783
906ae077-e8eb-4c44-ac24-7d3a2a3d4c2a,c6f8cf7e-6978-4c7d-88cd-df78b3c546e6,2024-04-06 02:00:46.229844
d39eb9b6-ff9e-4ec5-b714-9e8aa6a05e01,86290f1c-cbf8-45ac-bbc9-d7b11486a757,2024-02-18 06:01:06.324246
614265c5-8e27-467e-bcc6-1809c6c6e6dd,d2c5e949-ba7c-4d0d-955e-ad1ccac99888,2024-03-15 18:10:09.331102
1b11cee4-36ab-42fd-9556-d1b3d611cc19,365fdabd-310d-4f48-b513-c83111dbe8d0,2024-04-30 06:20:07.072551
ea976853-5e73-4e38-9114-bd6b7d27737b,8e82f200-0523-485c-9467-b9c5590c7747,2024-04-21 12:45:46.204588
aa37dbc1-e38b-4a59-8afa-36994f822d36,af13f509-cbfd-4024-8f42-8849aa5111e9,2024-03-16 08:52:48.291184
76ded719-de60-48a1-8b81-80eefb2d2a31,1d93fbd4-0cbc-4124-b3a9-23776ac2d640,2024-06-05 10:04:09.535253
219e3e0a-e87a-4fa3-8863-3fcb971da2e2,edb975cb-50e7-4559-8d3b-d92c5619cb72,2024-05-04 12:34:27.618885
cc8ca798-f7e5-4567-9d97-2e3dea1bd5ee,3c24c5d2-ea15-43f6-a13b-e62ba66d0c46,2024-04-14 03:01:02.498345
c5c8e3b8-4cf5-4d77-8e05-c2bed7d1af49,15198260-5254-4089-bf19-a7907dc47c4f,2024-05-08 10:16:17.629718
6b1ea0c7-0040-4bdd-822f-d6a3d19f0041,73a2bb54-6aec-4489-82fc-e0e27d1c0a42,2024-04-14 15:06:29.941552
22080931-46b9-40e1-a145-6879197f8ed4,a7dcc05e-d403-409b-9ce2-c2b95180826f,2024-03-19 18:54:50.151237
674c647d-4015-4546-b7e3-caff77b8c632,f881786d-8784-414c-8e45-a0b96a6d6e9c,2024-04-07 05:47:04.789383
91a97a85-db77-4915-b392-b32d82b93cb9,64f10116-69c6-42ee-8975-6ece18891933,2024-02-15 12:09:10.964002
4e4cd8af-b084-40e5-b16d-6ac6e89c58f5,3a61769f-0075-473c-bbe6-268594553f8e,2024-02-10 07:06:35.306888
d7deec6f-5abd-4e66-879d-b4475d6d57c5,0bbdbc9d-4859-44d0-8952-0c0df12ea22a,2024-02-15 13:07:30.209348
7972a0ef-4159-4922-8abe-78939a1f67cb,8686cac5-c76f-42dc-b3d4-d01a34247941,2024-03-01 08:51:33.109772
8fb12884-7ef3-46df-b866-7767620bb7de,becdc68a-eb30-4095-9531-81f2aa2ab3de,2024-04-30 11:01:39.925938
1454f318-5b70-4dd0-9e25-080723c23d2d,72e5895f-15e0-4581-8f5c-1b156e1d0848,2024-05-09 01:28:01.725240
a689a638-6ec8-4d19-9071-b71cccfdbc81,6b7063fc-9d66-455c-96e2-c8fb37237bee,2024-02-05 08:48:13.382223
c8cb2c60-9783-43f5-8460-11bbb6daf175,ee4276b7-31b3-47f8-9d7e-5a82d4cc40ff,2024-05-19 21:19:10.252165
8267f5ba-aa7a-451e-ad59-7d3849659535,43761862-fabb-4bf3-89f8-00b4ce2b70dc,2024-06-01 08:21:59.450680
47f83ebe-6a6f-40d9-86b5-b71a49b8cd5b,6c5cbcf9-a773-4120-ab7e-b8611bb2fdd4,2024-02-20 15:50:16.192980
0e569c75-a7c7-4a4b-8703-c8d5928cb1a1,53c590b0-3a73-45db-847f-036c6b077bff,2024-03-19 18:46:50.208178
46226b35-35dd-43e1-bfcd-f21e320c22f6,426f4e1f-fa0f-48e0-9f66-866823941d47,2024-05-11 05:51:17.062393
a2c00f9c-b3a5-48fd-846d-0aea207b3e8f,affddb22-688b-4560-9594-4943ae6cf4a8,2024-01-01 09:53:49.589233
c7aefacd-3f61-450f-a509-4eab19d6ce25,f34a047d-e9d6-4243-ad85-fc91a539601d,2024-05-07 13:26:54.104684
e1339749-22c9-4fbb-8fa1-8fc90f717c45,d9ad0df7-02d6-4e00-a314-a79dc87ac875,2024-01-06 15:28:21.649800
a92e6659-4bc1-48a9-90b9-4e987cf58567,8688f405-84d3-41f0-be62-fca8450b415b,2024-03-28 18:53:17.772707
97fda7ff-a4ed-4fc5-a47f-e818bd7c953a,8a3f0831-7454-4191-862b-845df95ea13f,2024-06-03 23:42:37.126803
4b18629d-acf2-4ada-868d-055e8fc308bd,787b74b6-b9de-4fc6-a79a-506fef6cabf7,2024-02-27 02:52:23.322095
864b5293-c572-4098-b7cc-e01b390f801f,7c413a1f-65f3-4126-82c7-f652353d72fb,2024-02-12 06:40:40.190266
acc39768-2abb-4ffa-9fa7-1fac3f97578a,6dffb1e1-e9f1-41f5-992d-bc2fcf5a8c16,2024-06-08 10:40:15.661251
26f0d38c-cdbf-44e7-8978-9884055bfb26,c576d2e9-3a5a-4b59-a2b8-09254be4a7bb,2024-05-21 15:47:51.825589
35df49f1-4146-4a74-b90f-ca18063eefb3,aab5b0ab-2fc7-46ad-a533-dd7cf9471f81,2024-03-02 21:33:45.879498
88f80505-156b-4fcd-b723-d93395cd8bcb,fde38af8-cb70-4dae-9f05-dd04ad60dab5,2024-05-19 14:11:16.999567
8cd2585f-c733-47d0-8e99-fe7e740b57db,5d9f9433-d04f-463f-9859-434417d52218,2024-01-02 02:17:52.110858
41e50642-6cff-4f06-8d95-1a2f40827d09,d2e9fd8e-4cfe-4dce-8c41-8d987351c70d,2024-03-22 11:15:04.274827
0df1bd9e-f48f-45dc-9c8c-17d63d189048,420388de-f00b-4fe8-8685-32936a4ff52a,2024-01-15 21:50:43.144714
b58442a2-adc8-4966-8fab-e1e2e14466e4,edafbe63-0df6-4a54-bd99-d082b8539548,2024-02-12 20:36:47.019342
4fb67beb-3152-4e24-b8e4-7f564cd6b0d2,353f86e7-8553-47f0-bcca-cfb2769e5744,2024-05-07 11:07:51.168347
6a6ffa62-792d-4959-8050-f08c051ad1d6,0b51ea29-30ab-4b3b-8d9e-d1930ef5b014,2024-01-21 22:52:17.390841
7deec3bf-a085-4bac-b367-46c0f851723d,01b99864-29cd-4c48-ac31-e631196c0b51,2024-04-27 17:44:19.970898
3686bbec-bbd5-4ae4-99d8-e6c2b2225b0d,3e4ebdcc-df55-4f28-b547-61f5276eae97,2024-01-02 11:17:49.769956
48a05fd3-473a-452e-8112-0128c858d9fd,fece4723-9637-462f-ae9b-cfc15bbc4d69,2024-01-25 00:35:58.432460
05d6ff02-d954-4a9b-8ce3-28fb0bec4af7,e599e8ed-d884-4877-b473-ff745ba550d2,2024-05-06 06:19:36.480617
62910116-d3df-4544-8bcd-02db5e31a4e0,fc97c83e-be63-4d84-a0cf-ee72a008f8f7,2024-03-25 20:31:14.322974
e2c2a8dd-bfe4-4cfa-a6e1-1bc8eeac20fc,47a824ea-da63-424b-bce7-1f8b1c97bae3,2024-01-18 08:55:43.605364
6feeeba0-858a-4dce-9540-9ae6ebb668b8,50a0c578-4c87-44cd-ad5a-db0fd518d8cb,2024-02-18 15:14:08.064108
45b231dd-b8c1-49b4-bcb6-b1bb1869a895,76293b5a-9206-48d2-b010-f5e79948e6b7,2024-05-07 14:42:47.191486
24b2827a-428c-4a7b-9412-07b453b52216,e1ada0a8-5890-4a63-8e82-02d09c251fb0,2024-01-11 21:36:19.955291
a7350b33-8453-4eb7-8598-8f13a6a4f568,f0d78100-22f1-4f92-b3cb-129b87a8c975,2024-01-29 19:49:34.141348
fe0246da-d276-4890-9c5c-13f3ce2bf46a,22f04b32-6415-41f6-9c19-411d3b8fb0c7,2024-06-07 02:10:24.595263
4ff09e0d-45e3-4920-942b-ef996d9c7138,c8486629-7771-4367-a0ff-af28e3c77f6a,2024-03-14 00:24:58.125790
7f5c0a16-4668-48e2-ae32-e28b83aacfd4,4ed3ac22-c7bd-465a-a55f-2a99c15e0563,2024-05-24 15:47:48.887670
552645e0-6e3c-4f19-95cb-a93d6c098c04,9ed6c3bb-5c91-4b84-a8bd-b967b6569991,2024-01-24 09:00:22.219642
ef9375ad-2d38-442f-82b8-e57ea495e91e,1f478ca3-9d3b-4fec-81bf-c6b82b82fb95,2024-04-02 18:31:13.183406
bbb58493-90bf-487f-af92-5786f161d55b,6faed0fa-ba08-4f58-876a-de91fb5c9e9d,2024-01-02 15:07:46.874659
6928ed76-6b1d-49aa-9f09-6ffb62bc5ebb,ca7f13d3-feb9-4bbc-9149-cff33d5a6156,2024-04-21 06:09:15.942663
6789d734-acea-4fb3-a5d0-8b2b7ec3644f,0a6e6453-780a-4650-ac5c-4ee80b3854a7,2024-04-13 00:32:55.639444
24436ba4-6e31-4443-bf5d-7979f207ea70,735269aa-df1a-4848-abca-dc63a97196c6,2024-06-07 01:46:56.274298
67038363-ae0d-46c0-9dfe-59646fa75604,ef606e33-ea5f-4140-80fc-f51f3c2db9fb,2024-04-26 05:26:21.719827
9dd9144d-8b21-4721-8b2b-2ef23c430ac1,a1ecce1e-d83e-4cf6-9383-a52bf8667181,2024-05-24 12:26:14.564651
ff331afc-3057-48c7-8a38-16208357d2fa,4ab48e86-1000-4a0b-9e01-83ddfe5b5910,2024-04-17 13:40:34.319585
c1ee8095-0a87-47ef-a09c-5e0ff40c6f31,435b8562-7d81-4f2d-9371-ce7add214d60,2024-05-31 12:28:34.168080
90459eed-434c-4c6b-b944-cef4d51dae36,99935b7b-b7b4-4662-8231-ee8ff4d3fecd,2024-03-21 18:51:24.971559
038f67ce-d429-4151-904d-082175cedd62,1bcf9c9a-8923-4fa9-ba66-6bdf03307acd,2024-02-28 18:29:55.071966
a009514b-d395-4999-bd13-17ab95f6bd1f,964c5828-b0d7-4be7-8e5b-3dc0e56a7219,2024-03-23 06:56:42.032515
43f99d1c-4497-4dd4-9b17-91d9a65bfc8e,48412e4d-f2fb-4135-bfbb-9455c73028c0,2024-01-11 09:39:05.608881
aa43f717-96ee-4120-84b6-9f6363d6d31f,0cafca06-6c03-4b69-a4c7-f3ecdd400a62,2024-01-06 15:52:05.973872
e543e77e-3e84-48af-97e3-f0b06bb2f1da,a63a693c-8703-480a-95e8-db997e722779,2024-05-17 15:33:32.853897
2560aeaa-cbf5-4ec5-bcfe-d399803574b2,34410ac9-1428-4d43-b0dd-91829958af10,2024-02-20 10:09:43.821422
71083382-c623-43e5-864e-def86f57b177,f6b5b5dd-1360-4406-b670-9064ed8eeea7,2024-04-29 10:21:51.525063
93e59c3b-7490-4add-8cb9-1a6a9a614659,778a7ead-3633-49fc-b1d7-38eb0988e7fc,2024-03-27 02:50:56.260858
732a230a-607c-48a8-b598-96dd4dc90d18,325450b6-d9e4-4f75-93ce-5df7e9c70d07,2024-05-17 04:57:45.634526
e61e9abf-e058-49a0-a1cb-d01021dc3602,c6c6b026-6b1a-48a3-959a-4d4b1524942a,2024-02-16 18:52:47.945029
f8cc8028-de12-47bd-9be3-e95f69ca1316,ccee5588-f277-4484-bcab-199054542a69,2024-05-05 01:32:49.166899
796e0c21-85b7-46c6-a58d-0c3bd7b068a7,1e24e7ff-7a5f-42bd-bf6b-afdf849ae929,2024-03-11 19:33:30.538439
ef0746c7-94bb-439d-8ef6-055aaa016cd9,6897f03a-6dbb-4cda-ace3-cfc3d2892dfb,2024-03-24 16:02:46.374612
760ef2c6-b492-428d-be4c-00f9a4fc9e8d,b54c08b3-06ee-4540-b292-549a24abe367,2024-03-08 22:04:16.890931
70db670b-b360-4ad5-86c1-ec5ff162dbb3,29db9445-2141-449e-8b1f-59edddcf0a25,2024-05-21 06:26:05.686833
4107cb45-b2e9-4c61-aa40-d5a5f9037a0f,798bd70e-51ea-4cd4-b082-8b2c64f87cbb,2024-04-07 07:03:07.568359
fab5885e-e54a-4f68-8359-f0edbf2b958c,e848a705-2f43-40f0-88da-3254d0a98f3a,2024-04-10 03:00:20.489862
3f166fb4-f6b5-4c57-8de5-57748a36da23,f06785df-8274-418e-b11d-8f78dc30358c,2024-03-13 17:23:29.754259
ffac86e6-3c1f-40ac-bc58-2dfdc757a2e9,f5bbdc6a-4541-4db5-9dfa-d26e73779fad,2024-05-13 18:33:01.081855
b018acfe-a04c-49d5-8795-365bcba62ba5,4a091db2-9aa0-45b0-9448-820c37c2625f,2024-02-01 03:06:14.272973
8f1937b7-085f-4673-ba8f-0f428fe1f4a8,6e21fea2-d90b-4667-8667-bfab8441128d,2024-02-21 07:49:28.259073
dd8fed6f-0904-4103-9c19-38ce4eedf85e,5cd25a55-4819-4b1d-a252-142b6b4356dc,2024-02-03 06:31:35.210176
75e106df-feaf-4347-a148-dc976f399955,5e1407fd-5427-444e-818c-5acf402f9ea0,2024-02-29 08:43:53.851461
b6a5ebc4-1b96-431d-8dea-2e04b4c15f8a,cdbe3bb1-1981-4081-be55-d31a1f2573f0,2024-02-24 10:03:36.822981
93c3ea8f-3ef8-45ae-bd64-5b4c37e08c7f,e9cdb66e-7a87-4d4b-9ab5-70c77f7fe2bf,2024-04-28 15:23:44.618531
84e9dd8a-69a6-4e9f-a26a-df9be6ec974a,60dbc468-133f-45b9-9eba-96be399fb379,2024-04-03 07:09:22.815562
21e6f9bf-383e-4b89-8467-161c30a36970,f4b24245-d8ff-4961-b591-469fd1cc6260,2024-03-10 22:29:12.564052
ecb4a580-c3da-4d27-8260-8be2bb43b8e3,f684bbc4-3f73-42c9-9e56-47b31841851f,2024-01-31 12:04:45.596773
92283934-76bf-418e-a63f-d4d526115d31,53ff44f4-ffbe-4000-a13a-1590f10186fb,2024-02-01 11:07:53.959979
907bf5f8-a411-4f52-8126-f844f4b7376b,326cb332-a9c2-4a29-9f99-06b528c836e6,2024-05-05 05:12:40.074142
d00c0f24-75ae-4315-be83-007c88db862e,92d6de37-1898-4c4b-9951-b6f3817e50b4,2024-06-04 22:16:24.913061
a6837eb9-e5bc-4535-8b97-fc14da8410ab,78ead4b0-34bd-4769-84ab-a998ee198118,2024-05-30 07:54:07.417064
273e5fcf-99d3-4a5a-b2c7-ac61f67f2467,3e96193e-24fb-48d5-aedb-a5a2e384339a,2024-05-24 05:44:27.841559
e8b43ce0-2c59-41fe-95f4-89c4ffa61558,560ef164-59d4-4b00-a685-37c435f97aa1,2024-02-04 10:02:30.534948
fa2769ed-c22e-449c-a760-6bd83325b729,20b8f5eb-694c-4e9e-ba6c-7807c147d51d,2024-04-16 17:29:46.815851
4b2e7765-ecdb-4af3-8ea1-34f3fc7e4eff,887a1d02-b771-4896-bc57-343116fa16a5,2024-05-04 14:07:04.263043
b9db77f7-199e-475e-a443-7a4a2279655f,7c401003-76be-4059-8842-fc95417764ca,2024-05-01 05:38:18.557569
1bd7e33a-aec1-4e2b-82e8-87839fd6f11c,ece63bab-555a-4e3b-a788-4f7a1effddc0,2024-01-13 05:55:36.346328
115f57e4-d28d-42c5-8292-9aaf50b02616,40dfec74-a50b-4fa2-b5b7-bc9cf329b9a3,2024-01-21 20:29:28.323115
58e3f79a-f5e4-44b9-a2e5-d8d40094af1a,11b72b2c-b42a-4520-aca3-906076a9cde7,2024-04-03 07:51:43.961551
d60ab9a4-c45e-48c1-8a2f-02ecb6c4212f,cee2ecc7-68fb-42ae-abd0-aa33f967d629,2024-02-15 19:40:59.003717
43a4f90a-406b-4730-8080-9e7524f27d30,48af51f3-9823-4864-8927-f8001a2832af,2024-01-27 13:01:35.284765
d499f688-4101-4814-a70e-1d7ba384001c,57f8b794-bc24-4aa8-9377-c4da03705ab1,2024-03-30 11:04:21.836033
840a394c-2e50-4ec4-95f7-3265732142bd,f27d7819-fa07-4c01-b2b6-b2153bcaa3a9,2024-05-29 14:09:22.197583
1ed8578e-41b1-46b8-9196-d9529653a518,95314518-9567-4f64-b524-2860edb2891f,2024-01-17 09:54:58.329384
16500254-0ad0-4c87-874e-ff3965853e6e,deebe97b-0650-404c-b375-d09c94905f97,2024-01-04 20:14:42.730403
263768d1-1bff-43fb-a67e-25c0231abc8a,dc43f3c2-5d70-4558-bd48-c034e59cd9a8,2024-01-20 03:26:22.498466
9958aed5-e029-4f5d-997c-862e45c0d6e7,53f01ecb-e72f-4dee-8ff6-e321a436df6a,2024-03-11 20:55:05.802749
263d0640-af08-4692-a103-3748f8a2a40b,99504057-f118-4fb2-8749-e2b84bcce5df,2024-05-20 21:52:31.620098
3f7e206e-5ff0-400a-8cf1-b12645f7a0fc,c6c395c7-73a6-408e-9464-e1b085ee6ad2,2024-05-22 07:13:10.643818
beceadf0-c20b-4c6e-9194-f3860dd49b05,01acd60d-95c3-4e0c-afc8-d9101c7e9439,2024-05-18 20:17:21.067196
e9db6f9a-ee13-474d-a5f1-ab7366016b3c,0eaa87a7-78d2-49c9-baa8-52383d7e7dfa,2024-02-08 07:14:29.566542
55734c91-86ee-43be-9270-5aa8297e7d77,952051e3-4d90-4d97-b323-7279edab5762,2024-01-16 22:40:53.584508
b3ddb792-2afc-48d2-aefc-1a57a3498acc,cfdd8011-e232-4663-85f3-03beae5222ee,2024-03-13 15:47:40.122176
d0fe3873-b9be-4599-8474-ed55e1f26ead,a348062a-af3f-4fde-8bfd-b64987606b0e,2024-01-03 03:34:30.460540
a96d6b8f-f6e5-4e9c-bc3f-1dd50e1f4168,1badea67-e4a0-4ea5-8e46-281bbf035db4,2024-01-07 23:38:31.147187
af43719d-3142-4778-9273-a6b33b230b61,155c9133-f1d2-44bd-88cc-260897c953c2,2024-04-01 11:39:10.948846
8bb36cde-8cff-4482-a02b-dd545ac4f3a3,c9e371a9-7305-4696-918c-59fcd71e1686,2024-05-30 17:54:40.554581
796bd8f1-de3b-4848-904d-9310fb71fc0e,d773ce98-8afc-49d6-ad2b-7866b9fe5e36,2024-02-27 14:58:39.136231
fff412dc-7209-4a97-9081-201fe80c29f0,fe1a7bac-b67d-4758-89cb-49343ab2ef21,2024-05-30 00:13:26.492606
7a085076-ce71-4b3d-aecf-6d147ff79ce7,dcad654c-0489-4a8f-ba37-f3ac40b02baa,2024-02-10 13:55:33.997382
e3b36ff4-f271-470f-ad6a-02a9106ff072,39fec9b5-006a-44ca-b169-b8aa1bfb5ee6,2024-02-04 02:00:48.233618
0f690fb8-3972-445a-9d74-c69aa8ed10d6,685e0bc9-13e9-43a1-9eb5-4a1fcbdf972f,2024-05-05 01:45:54.294316
bee25399-65de-4c28-8bb8-c4b27ac8b2a9,4312e4e0-8875-454a-b711-4f6218178184,2024-02-03 22:54:32.837585
9225f120-12e8-492f-8797-1d2771f48783,5880a612-d6d7-48a9-a6d9-25046581d436,2024-04-23 23:19:02.220372
0c9a8ebb-6f09-4c9a-b04d-94491a39bb07,e2cf34df-14a6-4f09-aa5c-33d24ed72231,2024-03-15 22:51:16.558876
8cb67cff-e531-4540-9aed-f7edf3f6a965,2cc18e8e-ae3c-4dba-90b5-853bceab10c1,2024-05-04 23:46:46.640216
d700b862-e659-46dc-bc20-d499f5b6b4c5,d64207bc-3236-40a7-b485-5f94a712db0a,2024-05-31 20:02:58.507690
c5be082f-5b3a-45e7-a75e-035e19c30355,42cb6a55-19d5-4e84-9218-cdbf8cb93fd3,2024-02-19 19:29:32.968084
3ae729d4-1e01-4d4f-b2c8-c35b2fdc67da,d2d63124-70cc-4068-85d5-5664cd8bff5b,2024-03-05 13:37:59.279554
1b81d570-82de-453c-a1f9-628eefc3265d,8113a915-f12f-4803-ba6e-2375cbe5fc9a,2024-05-28 21:48:44.773614
4b7e8618-ac50-437a-90bd-ae1681cafc25,dc826399-b566-48b3-bbe9-162006479323,2024-02-29 03:46:54.297056
3ac05f65-3175-4096-af4f-d8f74547eea2,10f1def2-bd93-47ac-b5e0-c15cdae934de,2024-02-11 14:58:44.675070
8459a40f-4050-4aeb-8f68-15e939d266e7,36af3ad0-ba88-44ed-ae72-adb4d96e3e91,2024-05-25 10:48:34.685763
884117c8-589d-4ccf-8519-fe56f7bc05b8,ae24a44d-aa8c-48ef-bfd1-99c4b8a765de,2024-02-15 17:45:45.922595
f2b24506-1bc7-4e18-9c4d-5ea17edf96b5,a7bf4f97-ed45-471c-8ddd-20dd9d4c14cd,2024-05-19 19:58:44.286194
57c4a562-20ff-4c2a-b986-d828484be387,39d2938e-091e-4aae-aece-5d2818e612e8,2024-05-07 19:34:53.970802
f4e84f85-75c1-4183-a25a-93812b7a3002,b8cdca17-464c-42ff-b1e6-70dd85d0c01f,2024-01-25 21:27:47.173461
c449bf75-e6c4-449e-ac39-f54853843dca,c6ce78db-1d2b-4ffb-88de-de2cd76d0d8a,2024-03-19 19:54:04.757025
3902335e-6ece-454a-8870-4be55687b1ee,9a7b3785-27c0-4291-ab3f-ebba1daf0849,2024-04-17 13:33:43.258190
1c949ca5-f238-4be3-9ec6-7a8f6bc42ce9,05f18b5f-2dd6-4f5d-ba1a-d45824388623,2024-03-30 00:26:47.710073
fa3b2d08-8800-4843-8fad-e611790f696a,891e4fa3-e917-4e3c-b72d-cfd7f653edc6,2024-01-16 19:45:25.807212
6326f8ef-f9c1-4e83-98aa-4acc43612328,2e658144-9994-4f0a-8d43-8035b0fda8a5,2024-04-03 02:16:10.999764
53eca3e4-c891-437e-9fa6-3bd37260e879,655d4a38-5c00-4406-b724-cf794493a4a7,2024-04-26 12:45:01.146457
e2ba69f3-307b-4f86-9883-7ac75ccfcb92,27a729d8-a249-440f-9a53-e64ea5d458d4,2024-02-24 01:13:14.788077
52ed163d-3a95-45f7-98b0-593cea6f22c5,d5c1da7e-7016-4915-879a-7c5e94646ff8,2024-03-25 18:14:01.597072
4d536049-1acb-436e-aafb-f6bac5c27cbe,acf91670-ce6d-446e-be10-2a725ca5ec47,2024-03-13 19:27:04.101158
e3af6ecf-231c-4e7c-a52f-e7f24d6bf0f4,138ef72c-eb63-4398-af1b-d998e91581b7,2024-03-18 06:09:10.445092
3b63b254-a1e9-4f3e-b5f1-550af2084ab0,18549c44-5a5c-4799-af7a-62e21f6df175,2024-01-12 17:15:00.738532
256968b6-f9eb-448a-be13-8fedc26528bf,48e73bd6-e124-41a7-904b-9c3cf397a866,2024-05-20 00:37:07.687551
a30303f0-664e-4165-8015-432d99ec04e2,819a2197-f39d-45ef-92f2-df9ccc3c7e47,2024-01-06 18:23:35.741493
d5dafc6d-dac3-4974-97bd-4a1aec818aa5,c218a288-65ce-40eb-9b8a-73a319f321dd,2024-03-29 13:00:43.006054
d7921afa-676b-47c0-aa52-cb044cdb23cf,c713d995-f3c9-49ce-bad5-befdff28d8b5,2024-02-08 10:27:47.838830
902de3c6-f7f5-4896-adde-de4cf2bf67b7,ec991fbe-74b3-477f-a970-af32bcd19014,2024-03-21 16:12:36.753155
19706603-b847-464c-a998-f9595f56139e,99d3a0fa-d07c-4dd2-928d-2c78c275804c,2024-03-25 14:43:05.575292
24711d85-0420-461f-ae3a-7249b56f7303,eacc6946-2c52-48db-b633-c8c6b505a593,2024-05-31 05:39:43.013324
17009a7f-b492-40cc-a7e9-7bdaaa87c40b,89316cf4-4254-407b-be88-ee6d1b98c5d4,2024-03-05 23:02:10.546956
6713bb78-186a-4cad-909a-63ae4399dfd5,027ee4d0-1be0-4170-bf01-56eb3abfab4f,2024-01-11 13:39:24.697314
8b4be83f-df60-4e68-8417-ba5708082126,4f9a88b1-b08f-493a-9529-71e1c8d56429,2024-05-21 05:36:35.611017
64f277a8-d73f-4cbb-be24-d106202d0e98,17753ab7-824f-47a5-9615-bad5079aa3c0,2024-04-17 12:01:34.075217
2158eea7-ebf0-4abc-aad2-a015416f462d,fdbf79f9-67b8-4205-9fe8-e515d17ea5be,2024-04-30 18:30:06.604230
301e1ee9-a8e4-4a58-b365-603a1e53925b,ca659af9-c5f0-4795-880e-dc7db99dbe79,2024-03-22 05:39:02.797196
4142edb7-7c38-4319-b740-d9305143ceae,d7c1ebd0-e6c8-409c-9020-6c62a82257a9,2024-04-04 20:46:57.620829
4aa108cf-f5d1-4eb3-a180-c06ceb956653,44958017-da97-4f29-abf1-60622e86f3e8,2024-01-18 20:42:20.864356
536d9cd5-f454-4852-9bf2-378f885f3134,b445dfde-fdd7-41f2-9077-e70796b2b35d,2024-05-15 11:14:56.700974
7f0314d5-dd09-4676-aa4b-f308672d6511,65e41abc-f0b3-4078-8ca9-25f5a285a8b9,2024-04-24 12:01:06.684665
d2b026ec-c2f3-4add-a873-771ebdbb1bb2,127d688e-c4ec-43b0-baf6-17f2fd79676a,2024-02-05 07:58:14.488637
424d2b00-c8c6-4782-9d67-53a53a3ffaf8,55c6e9ff-f107-498d-b418-76076755b358,2024-04-23 11:26:02.362626
643ae738-fd9a-445f-b513-656fa40ad4a4,3555213c-4e80-4861-8300-7fd061be11c7,2024-02-23 04:19:06.633711
604f2ca4-2892-4ca2-bf4d-84e279b6bb99,340e7917-e82a-4f22-825b-84c3f3736dea,2024-06-04 00:58:30.166900
56c87923-8b89-4568-83ec-45de6197b3d3,c740a03d-cfa9-4ae7-a3b1-13dff11acd44,2024-02-19 18:41:28.653893
2db877a9-b143-44d7-8385-b4cfbb8b81af,312879f8-8990-47df-9d49-a40bfddfade2,2024-01-16 09:49:35.402659
b9e8d7ac-725c-4e9f-8563-124a16fd8ba8,1ea5f06a-286f-4233-9bdb-cecb8f7d3101,2024-04-30 22:52:57.851312
752fe554-1992-4cd9-a98c-59bcb8ac77a8,57184118-7eed-4c1a-8630-6b072c13f232,2024-05-05 20:18:23.201454
a576b618-52d4-4477-80f8-ba426ba165fc,de036434-d566-465c-9329-fa41263fa19b,2024-01-21 13:14:41.776649
