DeliveryID,OrderNum,DeliveryDate,CarrierName
2cfc614e-0428-4ea0-9f4c-e8e88e5c6c12,dd8000c5-e893-41a6-84ca-cf4b472ca04b,2024-03-06 15:05:16.213856,"Robbins, Johnson and Cunningham"
86ee8eb2-b910-4884-8bb4-6326735e1e92,219e4688-473f-47c8-be7d-8522dacf2f6e,2024-02-10 23:48:37.128767,Johnson-Fry
6396bdfe-a99d-4a1c-961c-872e24510ed7,1f1ee256-98f5-4a7c-8d2e-3ce94fee5b8a,2024-05-01 15:50:54.865061,"Evans, Medina and Benson"
56c360c3-0ebf-4e5f-8bb5-c55d53ced8b8,c4a575dd-b8d0-46a1-b5bc-898717012f2f,2024-05-16 07:31:52.649028,"Hess, Gonzalez and Ibarra"
c2fe6f5f-1412-4427-94ae-a7b8226e4f95,00cb3bc3-d988-488d-812b-f224b1566e93,2024-04-12 01:37:00.500601,Morales-Allen
6fd5fb0f-52d7-4a08-8ccc-e1cbe7dd3434,3234bc45-a1b1-4e9d-ae70-2093141ab96c,2024-01-16 20:34:10.271353,Williams-Ortega
fb687bce-4ef2-45d2-acd5-f7b4d53eac53,a80fef81-a677-405d-b477-3292719f7db1,2024-03-18 23:24:32.873680,"Nguyen, Smith and Snow"
b1e93e06-e6f9-43ca-92a0-cd2048a2bfb4,a4034727-8c00-45a0-930b-5b6d9babe9ee,2024-06-04 16:20:27.665459,Gomez and Sons
440645c6-2977-4c02-bfc7-9b59d2f0dc10,d391c7a4-9f9d-4bca-8e0e-9ee50c1d7a75,2024-04-26 04:40:31.520011,Love-Brown
fca0b187-bad1-4f19-9896-ea8d8f87be63,a3376f03-ee67-41f0-9722-9a95a1057442,2024-03-19 18:21:29.385717,Peterson Ltd
579fa116-c05b-4784-940b-fb142363091a,2fcd13a4-627e-448c-aee5-b05d0df1b88f,2024-05-26 03:23:03.875971,Wade-Brown
9a20defe-9007-4a23-9e66-99015e9f195b,ee13c6fa-0636-4bbe-833d-0fd85f30aad1,2024-04-24 14:20:45.520118,Black and Sons
bf87d9ad-894c-4f9d-bb4c-dcbf082cfe62,6fb6dfb4-6f95-463a-aa4e-756c0594b4fd,2024-02-20 03:21:00.337547,Mullins LLC
40f091ac-a776-4aea-aeb4-c95e3c50dd06,8dcb1b66-ce00-4b88-8619-38b9881031d7,2024-03-02 09:14:28.776301,Parker Group
b072ef55-2330-4984-b91e-1c8d23c20e2e,7f83c0fb-c048-4da8-8455-d20091f04bd2,2024-05-17 00:57:00.556883,Smith PLC
ba9f3e08-8613-47ab-9364-449c099a06e4,87c02bb5-3c73-4e21-b96b-a972e2b80fee,2024-04-30 13:38:22.345099,Kim PLC
652304a3-d39d-468b-a5e4-7be56cb586d1,5ddd03a5-4aa3-4286-b527-929d123103ed,2024-02-19 15:19:36.592062,"Ballard, Griffin and Anderson"
2f492ebf-0c22-4b49-b933-a59e38846f9a,d6bb8e59-30c8-4c5e-8ddb-0b3491dc1a1f,2024-06-08 19:19:43.678473,"Parrish, Wright and Harris"
8ec1e7f7-7530-4fe3-bb79-1723a2bde9a9,ba309671-ddb3-4b5d-83db-26611141d55a,2024-05-21 12:00:16.821078,Christian Inc
cf9102c8-60f1-4423-b61c-c4e0fc42b64c,1866be30-534e-4923-9d63-3a4254407b32,2024-01-26 03:19:02.945199,Jimenez-Singleton
a981212c-ccc3-4e6e-a06c-a78908327567,d0ed80d9-05e1-4df0-86d1-fb092d520f1d,2024-06-01 20:32:58.810253,"Williams, Hamilton and Perry"
23331013-020c-4e0b-8c15-978c1d1a3e75,6dd830ba-349d-4889-9c05-e065e1d796d2,2024-02-02 14:14:04.238631,Garcia and Sons
959c8e48-1f06-46c9-adc3-d36aaf5f0ac3,f4024969-21ca-4bfe-ad61-ce9c9a1a3740,2024-04-16 05:48:15.063433,Sanders LLC
b2f4d326-306a-4c4c-b7ea-83e8c52a5e2a,b3302300-0432-42f3-9f19-0632c6733962,2024-04-06 18:03:28.850607,Spears-Heath
ccb5ee1d-cf19-477f-82bc-e530cbfcd561,affe5111-d329-4b12-8485-8975b3ff6634,2024-02-25 15:05:30.100429,Watson-Brown
848d1820-c71a-48f5-bf31-f613bf251c5b,6b02086a-865c-4d05-ac20-90d0a7b7907b,2024-03-26 08:28:44.459003,Ramos-Spencer
feb92410-486c-4a03-ac43-e6df1b7f6e79,f8c44491-6fb1-45a8-87c6-27580cbc3778,2024-02-07 02:07:59.003652,Fuller-Lewis
889847d0-4b59-4219-8753-618d28e8d189,701a27e9-bdfc-4431-8fab-4fcd239e54f9,2024-01-19 18:49:41.440630,Clark-Shields
296ef5c7-d6ae-4ff2-93f2-13aa5592255e,7385235c-6746-4297-b6b3-f619a2c02d2e,2024-03-22 10:59:29.970657,"Nguyen, Scott and Taylor"
6197aa0f-984f-4063-a1ba-292b9575ee3b,b51b2867-f3e9-4942-b6fd-87a4a9d1605d,2024-03-15 08:09:01.029661,Gonzalez-Bradley
41e7f091-b09a-46c8-afc3-fa21d1d824e9,57ce3fbd-2d33-41d4-93c8-3f0fb9607ca2,2024-05-07 05:05:39.232407,Tran and Sons
502338a1-b237-47e1-885b-f5ac8e87132f,b86d10a5-0dda-4e6c-8983-bc0591fa6146,2024-04-15 03:17:04.679434,Phillips Inc
ab46f0a4-daaa-4431-83d3-a94dbb533df1,1324cfd1-41fa-44e1-9c4f-7faf11b19dc3,2024-02-04 12:37:23.928252,"Mayo, Elliott and Smith"
f1075a43-80f9-48e1-9875-66a28390ce51,c7ce489a-2258-464d-a1d4-87474c54a780,2024-05-16 12:12:45.092288,Coleman-Miller
0f0eb1f8-91ed-4f41-8c9c-f27c7d436fbc,d0b9428d-11f1-414f-a145-dc70192cc60d,2024-01-22 15:10:01.362362,"Guerrero, Snyder and Pruitt"
2c7aa561-0387-45c5-9546-07a9b7ba4bbc,b433057a-3663-4c80-baf1-dd8a2ec5895a,2024-04-11 03:51:56.406659,Moon Group
194d3f68-f43e-4585-a915-7b6ee3bbfa62,7e0b85a9-79ce-4add-85c3-2fde1eaedf42,2024-04-28 06:25:28.041213,Padilla LLC
cc8ab61c-dc3c-479a-bf5e-c3d142e67340,5dc2e6c6-6dbd-4988-9684-2a72687474e8,2024-03-03 09:58:44.566092,"Benton, Gonzalez and Myers"
1dd1f37c-f691-4aa6-86db-de602b4b53a7,0a82ac04-9a89-45f2-aa71-90c2e6189671,2024-05-16 16:46:19.410281,Pope Group
6bf500e2-9220-4ff4-bc3e-42dda08bd63a,57d70cd8-559a-4a53-8589-e9d3387dbd99,2024-03-21 09:35:31.058669,Grant PLC
9f536ed7-7a68-4835-9bef-6d9a73a6f85b,49ac3c23-a30f-48d7-8ba0-a4953a38b9c0,2024-05-08 19:50:37.917469,Robinson Inc
7084d5f0-4b1d-41b8-8a47-3dd3a0bcdff7,150dd5ba-0ec3-4373-b529-eb717a02fa0c,2024-04-29 20:32:20.383119,Green and Sons
af3ba5c6-9f88-48a7-9b62-be9faa202895,27c137f6-cf74-43a9-b055-bf4d5adab3c6,2024-02-06 22:50:35.848500,Guzman-Lawrence
610ed96b-8f7d-4acb-be51-0ee4639778e2,dc80af20-4ada-4bfc-8add-bff4295976c1,2024-04-22 00:59:45.147615,Mcdonald Inc
73eb8a82-3609-4f1a-96de-68f29e5695e7,aaaf87aa-3b7a-4a47-b47f-c54605205e32,2024-04-15 21:59:26.451177,Mitchell-Espinoza
8e8970ca-d386-4966-87b0-aec81c4875f5,320bc6c7-3b70-47d8-968b-15fdf1d0e679,2024-04-22 03:30:36.497777,Quinn Inc
8ac323c2-7a31-4c4a-970b-c36d7331178c,d1161667-9c7f-4874-a782-cf24b385ccb5,2024-05-08 14:24:55.270091,Graves Ltd
690dc41f-549c-4678-a034-cf6250fd2306,a247ec2c-3f79-45a1-8bae-14ba6f3e2fba,2024-05-29 04:38:57.833522,Morgan Ltd
cf6805c1-89db-4ac8-86c5-67a30acdc55a,642735a6-7655-4753-9a3f-6d9e1aceb5f5,2024-02-29 03:29:34.765593,Davidson-Moore
06f0155d-8bed-47b0-b528-046ff157d17d,f4d6c6d0-9350-4800-8e96-6acb41705918,2024-01-26 22:29:45.012676,Dickson Inc
d54bcfa5-c8d9-4fb5-a039-29e50adf876d,b8413725-f2bc-460f-844e-0a63e05794ac,2024-04-25 00:04:29.884949,Hernandez Inc
202eb741-b084-4f41-8b2c-3acf410369e4,12576b35-5c28-49f3-8977-8ab602f11d9c,2024-06-08 13:06:07.677773,"Mercer, Rubio and Fowler"
f87a015e-c0a0-4c4c-91de-c7c3fb0f5b4a,da65fce1-8945-4444-a8f2-17373646c561,2024-04-10 01:12:21.485770,Pittman PLC
b877311c-1a3a-4ca1-b5c7-cd17385ad5f2,a6516de6-14a3-4b06-b9e3-335401d352dd,2024-01-23 21:23:51.210405,Watson Inc
76858e00-8077-4617-b72c-ce16abebc31c,572e5712-5799-42d0-9444-9aa596705415,2024-04-06 04:49:11.012985,"Hines, Lynch and Morris"
135fc6ca-8bf1-45b7-b56f-3e9e0146184f,4e762288-2820-4151-a175-3934dd3f0ccb,2024-05-20 06:36:24.129381,Stevens-Romero
10a547cc-c788-43b3-a1d0-9a05c4bbe3c6,5c5bcd56-5caa-4aba-b984-ce67aeaf1a43,2024-03-18 23:50:24.371343,Barnes-Morales
6ee6f524-42f5-4a72-9ed6-302f72acbc1a,f3ddcaac-d108-4fc8-8495-0563fbd6966f,2024-06-06 08:04:20.407230,"Bennett, Davis and Green"
bc85e253-2d18-4e73-9bf2-1f1ef6bd460c,33604ac7-4f88-4e1c-8bec-75599b04ab05,2024-06-05 08:51:14.327021,Greene-Garcia
aeeb9a5a-383c-4315-bbe0-ceb5b47b6a64,c994f330-d7f4-46c3-988d-55eaa77ce3d9,2024-04-24 22:22:35.353163,"Holloway, Jimenez and Guzman"
fadc4606-88a7-41cb-9c93-d5fb8438ef61,e7a70cce-1470-4b40-a3f5-c70e5b7046cb,2024-02-02 22:04:22.249356,Reyes Ltd
e73d2117-6c97-4ee8-a443-d3b5afbde371,9be5eabd-3810-425a-b4b8-60ba150c59c7,2024-05-14 05:49:32.487493,Coffey Group
73b017d7-1f37-40e8-9bab-329db4e85f61,5744f14d-c1cb-48e5-b2cc-8b60cc5eedb3,2024-05-19 16:48:06.084167,"Levy, Blake and Dudley"
b8862813-c417-4d08-9540-90517c96c6f0,6637537d-1af8-48af-9b63-d49bc5b79008,2024-02-23 03:40:27.932838,Decker and Sons
c5651c6a-5a34-465c-9cf6-53ec3180a9aa,c4011fdd-c43e-4341-a6c3-2623ef92ef7e,2024-03-14 00:40:04.949271,Molina-Mccarthy
29611c2b-1d61-4241-abc6-30b9b783bbfb,9e86a55d-2a7e-4e22-811a-1c70239fcc95,2024-01-16 16:10:31.959305,"Johnson, Lyons and King"
263fe3d2-a7a3-4b07-976a-fab53d353eea,abdb38eb-4fcc-4588-b7cd-ea2cc204e251,2024-03-19 17:47:48.960548,Skinner-Williamson
9affd240-dd7e-4361-8f6f-d874c0c8db27,3f10f4f2-c5b6-4ced-9ec6-10efb6c66c11,2024-04-25 02:01:17.671335,"Nielsen, Collier and Herrera"
ff200d41-92a1-4278-ad50-7733b2cb4f0e,a2a9404f-9b2e-4608-a572-dbcb61f7d8e6,2024-05-01 01:20:52.624727,Collins-Francis
b19eac66-5f57-478d-b775-17343e56794b,2f38f0b6-2c71-4047-817f-bc8461f3c477,2024-04-09 14:46:36.274236,"Reed, Barber and Martinez"
56333772-81b4-4a25-959e-8c2a786bfd4b,5cdceeab-042b-4e18-9262-cf2874ce4784,2024-06-05 06:53:53.185070,"Mack, Stevens and Young"
12c21780-e33f-4808-9589-c95d1b622d84,b11b8dc1-45ef-434f-ae20-18c7a2c28d70,2024-02-27 10:47:47.664125,Anderson Group
d32eca5b-bf02-4093-89b1-278492264c42,9b3f5fce-b13a-4bfa-8007-612399fe5fc3,2024-05-07 20:13:17.217391,"Mendoza, Gaines and Ortiz"
6c6fa9e2-a98c-4d3a-9abb-75626878eccb,2796efc8-bfc7-4de9-a277-eae9b81ebfac,2024-02-01 21:42:54.802430,Ramos Inc
57d7aa39-d790-4d38-a39a-5f6ef8ff2ed2,86f224e9-18f0-4d1c-ba0b-ab39451131cb,2024-05-04 19:15:52.566124,White Group
2876ed5d-5c4f-4db5-9fc3-18d05b6100e9,66af7021-0f2a-4afb-9e1e-72949fe70cf5,2024-05-13 01:01:38.285615,"Stanton, Anderson and Powers"
90583627-645e-41a5-8cbd-6c683a861517,f83c134d-98ea-423e-bed3-9a8e89ea883c,2024-03-02 09:40:26.719527,Moore-Rice
189bf5c9-2c6a-453f-8e1c-a49f284879ba,2304c6a2-aca2-4841-af88-cf5c78f3255d,2024-03-22 05:46:55.874382,Wright LLC
8f91b33c-7a6e-47cf-bcf8-6541d4ae84bc,ea3ac712-24e8-4699-a3b9-637232b01a67,2024-02-15 11:11:41.775017,Charles and Sons
f44a622d-44dd-4077-9f8d-54a7543f336a,f0241f2b-ec0e-4659-b5f4-7ab32c2350e4,2024-06-05 17:01:58.316535,"Guerra, Rodriguez and Walker"
7aebb596-d0bb-4230-a883-abb224cea638,1c8dfbe9-bae0-4e3a-9758-3fb347479b41,2024-03-16 17:05:02.201635,Watson Group
70866266-3bad-4ca3-9a31-1f1522bbc8c3,6bf883df-865a-4ebf-99cf-9e578366eb5e,2024-02-04 19:31:55.150072,Moore PLC
c9720945-8efd-46ec-a94e-5af6ba8f0564,a94484d3-ce79-4155-8334-74f840d68b71,2024-03-14 08:17:06.341880,Garcia-Wilson
61bb1083-a66a-4823-951a-5c52c9b36625,2ce5b7c0-270d-4c0e-a6c7-77461aa48a28,2024-01-18 22:05:58.913346,Cordova-Williams
7452c295-854a-4591-9db7-d410b30a3532,4b9125b2-a30c-4392-a0fb-a03fd658d86f,2024-05-07 08:54:35.999917,"Cain, Price and Taylor"
82d3f0cd-44d3-480e-847f-8702ee3e018b,44d457c5-eaf3-40d3-a274-7afeddc7d63d,2024-05-28 17:09:50.538696,"Lee, Marshall and Chambers"
45680592-a024-4984-9658-bd80ca95c2ad,e0ce58de-fc05-4272-8d38-00ea9c6cc2e7,2024-04-18 07:47:50.450481,White PLC
6b52dcab-1e10-49ca-8a1b-4f656f4b4746,f55c287b-245d-41f2-93d6-ea7676a79e9a,2024-06-05 00:43:13.554674,Grimes-Stewart
4aefe4d1-1a91-4a3f-bae3-333f8d6d193d,27b116c7-a0bb-42d2-b909-963075369eab,2024-02-16 05:30:12.814056,Welch Ltd
05400a83-1eec-4de4-97e7-e4d71d2f9c35,b090381a-134a-45b1-8a34-30c22705b04f,2024-05-04 20:07:58.086288,Davis LLC
ab57652d-1e82-4a02-b352-3497674e6b67,28120748-7130-4f4c-8cb5-beaeb160542b,2024-03-20 21:35:23.955984,"Nguyen, Yu and Clay"
cbc2827a-3834-404b-8858-d6e7c0fc90e0,7e7db076-d8b3-41d5-a8c6-89deebe62cec,2024-05-24 01:26:21.755957,"Clark, Hernandez and Humphrey"
398a6381-79ab-4c85-98ae-87e20ca6e97c,9d149b5b-3f49-4b41-9966-bbbe7f9dc8dc,2024-02-06 22:10:41.966088,"May, Murphy and Rivera"
1d5befdc-8cdb-4bc3-be40-87d51b021181,21d14dfc-09bc-48a4-ab31-54b1358f2abd,2024-03-27 13:13:58.521348,"Henderson, Olson and Werner"
80907e8e-82a7-4a67-8d3b-84203d88c0be,443b63f9-ed47-49b1-b887-e894d5e11ab6,2024-01-19 13:25:46.001097,Stevenson Ltd
f44b87ca-1627-4ce3-b364-006f5299ad66,8d730ef8-550d-4d09-a856-502efd536af7,2024-01-15 15:17:23.882010,Hill and Sons
1f8c28a1-4b5a-4dcf-8634-4a4b905d80e1,bf51d064-ea56-4863-8d2d-b693054d28ac,2024-03-08 20:38:37.755960,Lopez-Patel
7f96cb13-49cc-43b5-9225-a144d38d462c,89273b11-38ba-45a3-a0a8-bfc7c02f2da6,2024-02-17 14:31:22.985094,Jones and Sons
66a0eb88-b134-4c8b-855f-3ed6ad2ac46a,8a62ece9-679b-48f2-a54f-8ef7c1735c4e,2024-05-22 20:37:19.625011,Graham-Davis
ce42431e-3efb-4673-98b0-84a85e2440d2,bcefc192-9c2d-4913-87cb-903a9bcbebed,2024-05-05 19:24:49.984574,Farmer-Robinson
9ab92262-9bd0-43b1-8b68-1e4717f84736,6cae08bb-fe79-4ee4-95f2-28d3e3cc6cf4,2024-01-27 05:35:11.551846,Ramirez-Anderson
5997cbeb-dbb5-45ca-b2a8-ee9be59092ac,929c3ad3-0025-40e7-93fc-2573cf037317,2024-04-22 00:40:44.671729,Johnson-Ortega
12518552-c8d5-4cdf-9de1-d8346a663167,ebb5da8b-5c31-442c-9ac0-602ec1af529c,2024-02-08 06:39:17.632351,"Brady, Atkinson and Scott"
3e3ddfa9-6230-400b-aa23-7817b1ffa631,936f44f6-832f-46c7-82a6-8431c499a63d,2024-04-15 10:00:18.275480,"Rogers, Kim and Higgins"
a054689b-b9ab-4e25-8e0b-f73afaf6507b,841dc786-a0bd-49c2-8e92-53a33311f825,2024-04-16 11:49:13.431277,"Banks, Dominguez and King"
06a43ffd-617e-4e8d-9e14-c4ae15e4e035,2c396a97-cf14-488f-a321-d77b0b52cd64,2024-03-18 12:25:56.978186,Moore Group
b7f372df-0194-452e-97d0-03d87c556361,f0c0562c-01d6-43ec-8d7f-5def1274e7d4,2024-01-08 23:56:04.850816,"Hall, Jones and Thompson"
dd318233-049e-433c-ae55-b0ba345d7f75,f3c43170-7514-4401-b136-a74b29be3bac,2024-01-24 15:15:37.478899,"Farrell, Rivera and Jacobs"
ff49f768-65c5-4f4b-a628-796a3cbc2789,724edda0-f6f9-452b-a3b7-80a5b4ba60e4,2024-02-24 17:13:00.701043,"Garcia, Walker and James"
0b794933-a914-4585-b8fe-685d5dcb3078,7ae9c670-8eb5-4314-9dfb-297c9933f10d,2024-03-02 01:22:59.334032,"Floyd, Parks and Simmons"
fd7f4dca-b1a6-454c-a77c-f1af606dd5ac,da3784ad-44ca-47c2-991e-ef6403fa2a32,2024-01-01 06:32:27.381287,"Black, Brown and Miller"
542bfddd-5b17-4653-a6bf-6d7f8de99585,9606d210-2ec2-40db-8148-3ca53b51e660,2024-05-18 08:17:44.031941,Bishop and Sons
bcd6003e-abd0-49f7-a593-a2803c4b44b1,025de885-c09b-4987-b8fb-7bbd4b144aa9,2024-04-24 09:39:40.346598,Choi-Hensley
2ee0c7d5-ba50-4136-9c54-2c7c79bfe1fe,85b011c4-5b96-4dc3-93fc-d922bdcd9170,2024-03-24 11:33:24.619532,Schwartz-Stephenson
e1d5845b-13a3-4dd5-86b3-1a3f611a7eea,b03d0793-6b9b-4a47-894f-e5d550684b3a,2024-03-28 14:30:40.304662,Gonzalez-Baker
4f207491-ea87-43f9-adad-4fc650f1122b,9dab81ce-e607-4acf-93af-65f46454c8da,2024-02-01 23:50:19.182443,Harris-Knox
708d5f55-e480-4b9c-9682-d9431f5ef9fc,f2c83a2c-9f3b-4548-b9c6-552d7ae856ca,2024-03-06 04:45:37.594254,Olson-Khan
3391b833-8819-4665-bc16-fc214e64770b,bda26626-65d5-46c2-a87a-3ca286fd5c99,2024-01-13 19:10:44.626980,Gutierrez-Bautista
9b8b39de-9f1b-4c8d-bde7-0f25a7ae6f3c,f14f9dd9-8ef2-4f6a-a1e4-f311da6acfd5,2024-06-02 07:47:50.879131,"Harris, Davis and Vincent"
95a6f931-5379-4111-ab87-0dad0444d3a5,b39b797e-4ac2-456c-8eb1-6a901b58a866,2024-04-03 16:34:46.914325,"Hancock, Sims and James"
eb5e77ad-1ea1-483c-bfdd-f97bc598627a,9bb70680-0157-45a4-9e83-d89d01a04e77,2024-01-25 21:36:06.379338,Lewis PLC
773e6cda-377e-40be-bf81-361a34942157,8a6565ea-05c1-41c0-91ab-9b636bdf075f,2024-03-27 00:56:33.391862,"Williams, Franklin and Harris"
776a39ae-f2cb-46c6-8f0d-b5afb6d557b4,47fe8809-c9e7-4f2c-984c-f9d5e813b416,2024-05-25 05:08:19.962636,Yu and Sons
8af4a77b-5aac-4083-85a6-460244f11c8a,ac5bf218-18d1-4a54-bd3f-fca19d4cd37d,2024-01-05 16:14:10.820587,"Lee, Cantu and Swanson"
02316d61-ecb3-4bb7-b30e-c54290a09d70,544a1c66-5949-4618-ad6f-67bf1556e5d2,2024-02-02 17:57:31.979308,"Walton, Russell and Garcia"
60d3d69d-e7db-4a92-8694-ee5eb99523bd,c585f271-862e-4acc-a70e-3ca08556edbc,2024-03-18 22:37:01.881037,"Thompson, Martinez and Crane"
e9b07010-59a5-4226-8d3e-32f5d3a309d3,ca4f0c02-f9bd-4d0d-855e-9f5b2bd98a83,2024-03-11 17:41:01.880789,Spears-Reed
45c235b0-6eba-4ffc-9bc8-3f6a6bdec6cb,b7a14624-9d53-449b-b45b-b33bd7fc6c44,2024-02-18 02:04:54.279787,Flores PLC
5d2acbc5-59be-4a63-9247-524c8c5c48b4,b5402468-7ee5-4b74-85f4-d272d5526f43,2024-04-28 22:37:45.349421,"Matthews, Mccall and Zimmerman"
605acd42-de10-4b13-81e2-2495afb0ddae,699d4e8c-db11-440d-ac27-b29f9002e358,2024-01-03 17:55:37.828128,Freeman-Chang
7caf02f1-beb4-42a5-8b7f-11809b6b158f,0e647776-b77e-4860-b4ac-92ea241d8ce1,2024-03-01 16:49:34.861451,"Fisher, Grant and Osborn"
06472079-b3d7-4625-8eeb-09ab7f76f07e,84a57ae0-90b7-4699-8e8b-5ca7a3638e88,2024-01-27 01:57:41.648015,Carter PLC
3ba23563-7aa0-4178-b28c-8d96e94a2928,65a7bff3-00e1-4304-86d4-889ac5a0f321,2024-03-31 16:23:43.054924,Miller Group
5b931286-c466-4478-86e6-23695e161fec,1c518b00-39b0-4467-a49d-3c0fe8af29fe,2024-05-03 19:14:09.765312,Griffin Inc
d569e319-f9e3-4fdd-b430-a5852aa94a4a,3a07028d-6c40-4707-96cb-07427ce322dd,2024-06-01 20:45:40.409214,Black-Moore
7924974e-ef51-4392-8415-96a9b304d090,b9715dc5-f129-445d-8de5-0a9c81a84f99,2024-03-10 21:48:43.598882,Frazier and Sons
0f5ce86f-ddaa-4ad5-b510-4575020f481f,4d7a0a09-2c5d-4341-8c22-18a78b477442,2024-02-04 17:20:35.889636,Pearson-Peters
80ef6f7c-35aa-4da5-a891-315b268f55e6,7d0e5642-e2c8-42c7-9daa-0b186ba52ae4,2024-02-27 12:47:28.338341,"Hardy, Velasquez and Rodriguez"
19ab7feb-4a09-4107-bbd5-b02695d2bbea,f60d4a91-71dc-4796-93e5-a36a79228f50,2024-04-08 14:00:40.495115,"Saunders, Newman and Smith"
239d195b-dc04-4cc3-b85c-c29f09e24e72,bf13e792-c1a9-4016-8610-7bca3a9ebe2a,2024-05-20 11:37:03.274623,Henderson PLC
9d3e946d-eca0-4d29-8d7c-48654e11d14b,68ed18c4-b07b-44bd-921f-ad981d5b828b,2024-03-14 12:43:22.072561,Freeman-Figueroa
af7a6b43-f29c-4320-ade2-ee9a9b1e0c16,986d72f3-dd5a-4a10-ac02-b0ad607b6a09,2024-04-02 18:06:16.501266,"Howell, Burnett and Wolfe"
71108fdf-1e17-4603-86a5-cdb75d07f140,336d2b8a-0ca5-460d-8017-bc1c6d2dd15d,2024-01-28 00:56:21.107778,Hines Inc
f4c37eff-e1cb-4d41-9f74-6eaf00b09104,d8b964d6-ad1c-4fa5-a5d3-9106d11b8e4c,2024-05-01 13:22:21.967038,Mayer LLC
095aaf5c-6c89-4a93-af3d-4bf12a68826d,08b00540-fd07-4e8a-ad1b-69c7b88a9ba9,2024-03-09 17:14:03.929115,Arnold Inc
0d404769-2194-4a93-9c41-84d3dd08eda2,cbeb967f-99eb-4211-b841-b18314b53041,2024-01-13 11:15:43.166856,"Hill, Russell and Jimenez"
8cf161cb-33d7-450a-a893-68145e45198a,f2346332-2d0f-4235-97d5-4c44733b8d2b,2024-01-02 15:35:19.546119,Klein-Lawson
d114b648-4604-4222-86cc-8f5cc55fa835,d3010b06-9471-4062-9f6d-24e40aa9d715,2024-02-07 07:40:29.609430,Walls LLC
5fbe868a-ef7c-42e3-b2df-453df4dd5e7d,c2d9deb8-9ceb-45e7-922e-9be70bc0fd16,2024-03-29 08:54:59.623509,Thompson PLC
5babae54-5404-443e-91c3-f64bd689debb,157f1724-991a-484a-9bd2-c57fc30c04c1,2024-01-26 07:54:38.975494,Brooks-Hayden
71571eea-6ff2-4399-85d8-b57663e9f458,70783413-35f6-4f5d-a39b-c017ec197866,2024-03-17 09:53:14.426260,"Scott, Gonzalez and Fernandez"
e3eec2ef-8054-4f68-ab44-48f5286c62d8,c346f6bf-9731-4d03-b189-b17757a1f8a3,2024-01-11 14:18:34.699605,Kennedy-Bass
9dc171d4-88d8-462b-9a4c-8e0e19eb260c,747d333c-5363-478a-9ba6-ee85841a7456,2024-01-22 20:56:17.961601,Deleon-Cunningham
3ff15d16-299d-46b6-b18e-01f52e9c5fc8,a356e57d-90d5-455f-a7f1-066d57de52f1,2024-03-14 20:00:14.548185,"Dixon, Pennington and Harrison"
e215e5b8-6c33-4643-a433-7e9b2891027c,2430f63f-53b5-4917-922b-28656f87c9b5,2024-05-19 21:38:41.388219,"King, Heath and Lane"
ea5dd826-1e68-42dd-a6e7-2e2e79fae445,1c0dd1e9-d6a4-4322-85d0-1436b0484849,2024-02-27 03:37:11.527917,"Campos, Richmond and Rose"
94f8e24c-e446-4daa-a3cd-86126ae61f34,88302409-8887-427e-a117-0df07f1271a5,2024-05-03 22:36:03.089414,"Collins, Fuller and Baker"
c0ef8629-c44f-4594-83ea-7862996cc093,62b4eb27-07ca-4263-8cb4-57eb77f154fa,2024-05-04 11:30:04.228560,"Pierce, Wilson and Wood"
c17b3e8a-4d47-4d01-bd22-5d19de6237e4,bdf1b532-e5c7-451e-9f5a-968ab1772f46,2024-05-08 17:51:56.374129,Lopez-Gomez
e8a7ac56-b04d-426b-8d3e-c13deda8a08e,f6051bda-cb7c-447b-a238-fd20f6e2921e,2024-04-02 16:47:42.293019,"Mitchell, Mullins and Nguyen"
994bdf1c-d669-4c18-8800-afc0bfb05b4d,e2d8a351-2f60-456a-bb1f-64eb09b61b0b,2024-03-10 05:06:29.631644,Fry-Walsh
9a6e77a6-9c03-4d2c-b3f2-6323cfcba935,40aef59e-648b-4c66-9aca-c7bb215695e3,2024-06-03 00:52:50.881734,Parrish Group
dd230523-8229-4e23-bcbb-dc3e0fbb67f3,2afad7d3-bbbd-4f26-baa2-37f8f650fc60,2024-03-15 18:57:54.281125,Rivas-Yoder
7894130e-28be-4d83-a2b4-70f7aed9dfc8,1490eae1-4933-4c22-9192-097ee0a480d6,2024-04-20 08:42:04.272673,Atkins Inc
0f444b8e-0484-4de1-a779-ab913cf87eca,49b9f9b0-c3fe-4343-ba1e-265c19805bff,2024-05-14 13:29:10.997000,"Mcpherson, Hall and Wilson"
5bd5f9f0-5679-4a1c-9929-a0062ae4b143,a42786cc-84bd-4702-8b4f-41fe1ce800a9,2024-04-24 20:41:31.353111,Gibson and Sons
ce86c282-a686-40b3-90d3-f0fc81723e82,229373d2-55d0-4f89-b4b7-01bf799afc68,2024-02-19 17:03:02.661842,Miller-Smith
68380799-a1ce-4331-9764-764bf45340c2,44aeb276-e7e4-436a-85a2-c47569056af8,2024-03-20 07:11:30.010036,Taylor and Sons
38bae635-c3df-4bb9-98ce-469762573b48,fa5994e1-384e-47f2-9ad1-42575ffb7e6d,2024-01-25 15:14:49.850186,"Terry, Jones and Franklin"
a7e41bd6-26a8-4da9-8f00-50226e1889c8,9ecfa55b-02d4-42ea-9d5c-2204503ba1e0,2024-04-21 05:27:29.186617,Simpson Inc
b5b68f4b-5754-4a94-9323-d908ca40a170,37317d8a-a8fd-4fec-b25b-582e98576254,2024-01-24 04:17:36.646026,"Malone, Johnson and Ramsey"
180de6ef-da4c-41b9-b1b2-3808a91402ee,b9fc1212-9be8-49d7-ab4f-1e5370b39387,2024-04-14 00:07:41.171419,"Avery, Smith and Velazquez"
0d0f5c81-15ce-4265-ab76-a8808d44d8de,3a523f77-6939-4f29-8267-18b811f63ff7,2024-05-24 13:40:00.748719,"Wilkins, Green and Sloan"
3efa1a5c-0986-4386-899d-7935092cd178,c0307f7c-952b-41c6-98d0-73e1016e9d23,2024-05-03 09:07:32.931555,"Price, Stone and Castillo"
5396c7a5-530b-45ec-8430-12484fec4292,1d07cf54-ce07-4786-a7f5-bbad6e4dee43,2024-01-15 14:21:53.417521,Weeks-Malone
ad029f74-3593-4374-902b-6aada6ed8c89,d09f1731-e518-44b3-9201-0bb8bd589446,2024-03-09 11:30:59.726662,Boone-Zimmerman
24279244-77fd-42ee-accd-535647549a76,cee73bab-24ab-43ff-bf26-fce34e20f7b5,2024-03-06 16:37:15.458660,Stokes LLC
7270a305-f259-4fe5-a72a-568b7c63d9f6,d928a41b-d2cd-4432-bf63-fc5d71f9966d,2024-06-07 11:32:57.763212,"Acosta, Scott and Robinson"
945995b4-11e8-4d9d-b1f3-cddd9b359846,a57a3112-4bf8-4a00-b2ff-d7ed00a78a6c,2024-01-02 08:50:10.274686,Gay-Guerrero
1371fa68-e305-4306-9673-f57cf2e968a8,426abd78-f70e-4350-9ffe-4fba4304d226,2024-05-16 03:37:37.114997,Tran LLC
5f7c57cf-abbd-4575-8c60-50c1d04b0662,450d030a-e92c-4022-8abf-f1cc776d0d72,2024-02-18 20:59:26.677233,"Gilbert, Riley and Bennett"
74cea35d-7c3a-4930-9d85-18e380bbfbd8,bfb1f175-8510-4a9f-a0b9-4e9ed877ae10,2024-01-06 21:06:21.640718,"Taylor, Austin and Jenkins"
7ba15a9f-e2e3-4089-b440-b17a1d26a0f1,af78f372-9e7b-4b23-a850-1e3a97a21430,2024-02-06 13:42:08.914279,"Campbell, Garcia and Cortez"
e7132a92-5873-4f6a-842f-b6bb7cdb028e,74749522-306e-4753-acfa-30d62759818c,2024-04-25 18:32:01.857134,Fisher-Murillo
82a696cc-71ff-469b-ad57-dea64b49fc9c,17caafdd-dd70-4433-a002-12a5ce5fc8d8,2024-04-03 17:46:11.263048,"Butler, Riley and Vega"
5cf489a2-cfd5-4e87-8cb7-65b9d8d07bc0,acb8d157-8a02-41f7-ae63-414e4a20d67d,2024-02-24 21:42:28.392426,Hall-Larson
f1f7a0e8-1f2b-4d07-99b4-886aa953c6be,4a75b925-a0a9-47aa-b4cb-0223d18cf81d,2024-02-10 05:53:51.472653,"Perez, Robinson and Goodman"
2c346f77-e142-432c-94f9-0ba7ae714063,9dca606a-5421-4d49-a782-d27f08acd08f,2024-05-17 06:51:21.764252,Green Ltd
a3b275a5-c168-4489-b0a1-dc23854a9477,80dffada-c811-49b5-bfa5-473b53480fca,2024-03-08 21:09:50.931427,"Becker, Smith and Russell"
c327513e-4f23-41b2-b859-48e029239457,22fdae7d-b385-44ef-b385-e7c6e1a64881,2024-02-20 00:43:15.045886,"Stewart, Navarro and Smith"
0f8937f9-f45a-4809-97f2-78c19bed6d38,537f7866-26b9-4b69-913d-e80bd7c24e56,2024-02-13 10:17:46.249472,Gibson-Brown
36df445f-d5c4-4d85-8a3e-68961281d745,7ab2319d-1db3-466a-a12e-36f9840fec1d,2024-02-16 18:16:51.174354,Johnson-Waller
a30f8d11-4bbd-49e7-8783-54f672e4956d,59109bd3-0903-43fe-9628-3bcbb1ec103f,2024-01-15 13:34:32.675314,Harvey Group
4cdf11aa-1180-4a8c-a414-c1512f35438c,133fe249-d4ed-4176-baa0-f0a94a7b1a00,2024-05-13 12:51:12.757269,Martin-Hunt
a1829892-d508-4076-84ee-3b1aadd33706,b3c0154d-813d-4941-89bc-047a646e1a8e,2024-05-09 06:55:33.556447,Warren Inc
2dd7b656-5173-4469-8157-9754663ab890,d8c5872f-26a5-45e7-87e5-9dafd5572193,2024-03-16 17:54:13.889773,Johnson-Crawford
5002eb34-21ac-49f1-81fd-df2b557b4c97,f7218768-b0e2-4685-ac3f-683ebfff7699,2024-03-05 21:26:21.517459,Stevens Group
9eadda05-8e32-4449-b0bd-4cb194760429,7e7cebd1-075b-4ca3-8783-b4f734055ddf,2024-05-16 22:19:12.556705,"Collins, White and Mann"
5fd30a0b-d8fb-4e6c-ab5f-b1421089c1b1,d62aa67d-bf15-4106-b7f5-74f0a168c3e7,2024-03-11 02:54:50.265938,Barrett LLC
969eebc1-91a3-4650-8955-243cfef89e09,bf07a126-890b-424c-8ae5-2a059be6422f,2024-05-20 10:06:50.839587,Mclean-Gibbs
